name,website,short_description,linkedin,categories,num_employees_enum,locations,founded_on,operating_status,founders
theCre8tion,,theCre8tion provides a video editing platform for the B2B market which companies can use to crowdsource clips for various uses.,,"Digital Media, Video, Video Editing",,Asia-Pacific (APAC),1/1/2014,active,
theDOCK,,"A vertical VC firm investing in startups developing technologies for Maritime, Supply Chain, and Offshore sectors",https://www.linkedin.com/company/thedock-innovation-hub/,"Cyber Security, Financial Services, Logistics, Marine Technology, Ports and Harbors, Supply Chain Management, Venture Capital",,"Europe, Middle East, and Africa (EMEA), Middle East, Middle East and North Africa (MENA)",1/1/2017,active,"Hannan Carmeli, Nir Gartzman"
thePower,,ThePower is a learning institution that offers business-related courses.,https://www.linkedin.com/school/the-power,Education,,"European Union (EU), Europe, Middle East, and Africa (EMEA)",,active,
theaivc,,The world's first Venture Capital fund powered entirely by Artificial Intelligence.,,,,,,active,
thebad.company,,thebad.company empowers visionary entrepreneurs through brand acceleration.,,"B2B, Brand Marketing, Business Development",,"Greater Denver Area, Western US",1/1/2023,active,
thegrasscompany,,grass company,,,c_00051_00100,,6/3/2015,active,Brandon Johnson
tisiHRi,,tisiHRi is a biotechnology company.,https://www.linkedin.com/company/tisihri,Biotechnology,,"European Union (EU), Europe, Middle East, and Africa (EMEA)",,active,Christine Guillen
titus AG,,titus was the market leader in German-speaking Europe in the segment of skateboard/lifestyle products.,,Lifestyle,,"European Union (EU), Europe, Middle East, and Africa (EMEA)",,active,
tnt- network,,tnt- network is a television channel.,https://www.linkedin.com/company/tnt--network,"Broadcasting, Marketing, Media and Entertainment, TV",,"Europe, Middle East, and Africa (EMEA)",1/1/1998,active,
to.org,,to.org is a Civic & Social Organization.,https://www.linkedin.com/company/toorg/,,,"Europe, Middle East, and Africa (EMEA)",1/1/2012,active,Nachson Mimran
toDay.Ventures,,WE INVEST and BOOST early stage B2B Startups,https://www.linkedin.com/company/9335698,Financial Services,,"Europe, Middle East, and Africa (EMEA), Middle East, Middle East and North Africa (MENA)",1/1/2016,active,"Ilan Dray, Roni Nizri Geva, Shai Sum, Shay Michel"
toGather,,"Amazing meals, with amazing people.",,"Food and Beverage, Internet",,,8/1/2015,active,"Jan Birnbaum, Richard Ault"
tofuNFT,,"tofuNFT is a fully featured decentralized marketplace for buying, selling and trading NFTs.",https://www.linkedin.com/company/tofunft,"Blockchain, Cryptocurrency, Marketplace, Virtual Currency",,,10/1/2021,active,
tokentus investment AG,,tokentus is a Venture capital investor for blockchain based business models.,https://www.linkedin.com/company/tokentus,"Blockchain, Cryptocurrency, Financial Services, FinTech, Information Technology",,"European Union (EU), Europe, Middle East, and Africa (EMEA)",1/1/2019,active,"Johannes Clauss, Oliver Michel"
tokyo firm,,"tokyo firm engages in the real estate consulting, sales, and rental brokerage businesses.",,"Consulting, Real Estate, Rental",,Asia-Pacific (APAC),1/1/2013,active,
topology,,Topology is an early-stage frontier tech firm,,,,,,active,
touchscape,,UI UX Innovation,,,,,5/6/2024,active,
trEat Kft.,,It is developing a booking application.,,,,,,active,
traid,,agricultural anomaly,,,,,6/1/2019,active,
trans-o-flex Belgium BVBA,,trans-o-flex Belgium BVBA provides business to business logistic services and ships parcels and pallets.,,"Information Technology, Logistics",,"European Union (EU), Europe, Middle East, and Africa (EMEA)",1/1/2012,active,
transaction Japan,,Transaction Group has been committed to manufacturing and has provided attractive products.,,"Event Management, Hospitality, Manufacturing, Sales",,Asia-Pacific (APAC),1/19/1987,active,
trezor,,cryptocurrency wallet software product that keeps over 1000 types of cryptocurrency and other digital assets safe and secure,,,,"Europe, Middle East, and Africa (EMEA)",1/1/2013,active,
trezor,,Trezor is a hardware wallet that allows you to store your cryptocurrency offline.,https://www.linkedin.com/company/trezor,,,"European Union (EU), Europe, Middle East, and Africa (EMEA)",1/1/2015,active,
triOS College,,triOS college is one of Canada’s largest career training organizations dedicated to helping students become job-ready graduates.,https://www.linkedin.com/company/trios-college,"Consulting, Education, Knowledge Management, Training",,Great Lakes,1/1/1992,active,"Frank Gerencser, Stuart Bentley"
trica,,trica's suite of SaaS products make equity management (cap table & ESOPs) and private market transactions simple and efficient,https://www.linkedin.com/company/trica/,"Financial Services, FinTech, SaaS, Software",,Asia-Pacific (APAC),6/1/2021,active,"Nimesh Kampani, Sanjay Jha"
tripJane,,"TripJane is a social travel engine that gathers prices, deals and information, and lets travelers buy and share travel services.",,"Apps, Internet, Social Media, Travel",,"San Francisco Bay Area, West Coast, Western US",,active,"Ana Baltodano, Dani Essindi Behrendt"
trive studio,,trive is a startup studio building human-centered solutions.,https://www.linkedin.com/company/trive-studio,,,"European Union (EU), Europe, Middle East, and Africa (EMEA)",12/1/2021,active,Sirlinger Martin
tropical,,Supportive community,,,c_00001_00010,"European Union (EU), Europe, Middle East, and Africa (EMEA)",1/1/2021,active,Veroniek Vermeulen
trovo,,https://trovo.co,,,,,,active,
trust and use,,Social Marketplace for consumers,,"E-Commerce, Location Based Services",,"European Union (EU), Europe, Middle East, and Africa (EMEA)",1/1/2016,active,George Papadimitriou
tryb Group,,tryb Group invests in ASEAN fintech.,https://www.linkedin.com/company/10524500/,"Analytics, Financial Services, FinTech, Micro Lending, SaaS",,"Asia-Pacific (APAC), Association of Southeast Asian Nations (ASEAN), Southeast Asia",1/1/2016,active,"Markus Gnirck, Nels Friets, Veiverne Yuen"
tsm-Trentino School of Management,,tsm-Trentino School of Management Skills and value for the Territory,https://www.linkedin.com/company/tsm-trentino-school-of-management,,,"European Union (EU), Europe, Middle East, and Africa (EMEA)",1/1/2003,active,
tsoonami,,Tsoonami has been a leader in the daily deals market in southern Europe.,https://www.linkedin.com/company/tsoonami,"Information Technology, Internet",c_00011_00050,"Europe, Middle East, and Africa (EMEA), European Union (EU), Middle East, Europe, Middle East, and Africa (EMEA)",1/1/2010,active,Ilias Louis Hatzis
tt Timber International,,"tt Timber International offers forest management services, and processes and trades forest products.",,"Forestry, Paper Manufacturing",,"Europe, Middle East, and Africa (EMEA)",1/1/1912,active,
tuesday coworking,,tuesday coworking is a network of four coworking spaces serving the Berlin area,https://www.linkedin.com/company-beta/10881240/,Coworking,,"European Union (EU), Europe, Middle East, and Africa (EMEA)",5/10/2016,active,John Neilan
tuliper.com,,tuliper.com is a e-commerce businesses scale to 8 figures through consistent conversions and audience engagement.,https://www.linkedin.com/company/tuliper/,,,,,active,
tuwebrd.com,,Diseño y desarrollo web y software,,Software,,Latin America,2/8/2010,active,
tvg hospitality,,Venue Group is an entertainment and hospitality operator in the United Kingdom and the United States.,https://www.linkedin.com/company/venuegroup,"Hospitality, Media and Entertainment, Music",,"Europe, Middle East, and Africa (EMEA)",1/1/2016,active,Ben Lovett
tvype,,"Photo and Video platform for Citizen Journalism, incl. rights marketplace to sell to media",,"Marketplace, Video",,,,active,
twofour54,,"twofour54, an Abu Dhabi-based business incubator, offers production facilities, training, and support services to the media industry.",http://www.linkedin.com/company/283052,"Broadcasting, Film Production, Incubators",,"Europe, Middle East, and Africa (EMEA), Gulf Cooperation Council (GCC), Middle East, Middle East and North Africa (MENA)",1/1/2008,active,
twozero Ventures,,"twozero Ventures invests in Sports, Media and Entertainment Startups",https://www.linkedin.com/company/two-zero-ventures/,,,"Europe, Middle East, and Africa (EMEA), Middle East, Middle East and North Africa (MENA), Europe, Middle East, and Africa (EMEA)",1/1/2020,active,"Ali Akcay, Yigit Arslan"
u.ventures,,u.ventures invests in early stage startups that dare to build revolutionary products,https://www.linkedin.com/company/uventuresfund/,,,"Europe, Middle East, and Africa (EMEA)",9/1/2016,active,Lenna Koszarny
u2i,,u2i is a computer software company offering websites and web applications services.,https://www.linkedin.com/company/u2i,"Information Technology, Internet, Robotics, Software",,"European Union (EU), Europe, Middle East, and Africa (EMEA)",1/1/2000,active,
uBIT,,uBIT is an investment firm.,,,,,,active,
uFlysoft,,A professional data recovery tool for Mac users,https://www.linkedin.com/in/uflysoft/,"macOS, Software, Technical Support",,"Greater San Diego Area, West Coast, Western US",,active,
uLink,,"uLink enable developing world energy service providers to quickly develop and easily manage low-cost, modular microgrids in off-grid areas.",,"Energy, Renewable Energy",,"Greater Boston Area, East Coast, New England, Northeastern US",1/1/2016,active,
uLinkNetwork,,uLinkNetwork,https://www.linkedin.com/company/ulinknetwork.com,Education,c_00001_00010,"West Coast, Western US",1/1/2010,active,
uMunthu,,A Inclusive Growth Investment Fund aims to broaden access to financial services .,,Financial Services,,"European Union (EU), Europe, Middle East, and Africa (EMEA)",1/1/2019,active,
uNav Microelectronics,,uNav Microelectronics is a semiconductor company that develops GPS ICs and software solutions for the mobile location-based services.,,"Location Based Services, Semiconductor, Software",,"Greater Los Angeles Area, West Coast, Western US",1/1/2001,active,
uPlayMe,,"Meet people, share music and enjoy discovering new entertainment using uPlayMe's free download.",,"Audio, Digital Entertainment, Music",c_00011_00050,"Greater New York Area, East Coast, Northeastern US",1/1/2006,active,
uShark,,"uShark is an online platform that offers DeFi, investment management and other financial services for other institutions.",https://www.linkedin.com/company/ushark-token/,"Financial Services, Funding Platform, Impact Investing",,Latin America,,active,Geraldo Marques
uStart,,"UStart is an application that allows users to advertise or find business opportunities, jobs, and services.",https://www.linkedin.com/company/ustart-brasil/,"Advertising, Information Services, Information Technology",c_00001_00010,Latin America,,active,
uSync investment,,The Company shall invest investments in related product categories to the Parent Company.,,"Banking, Payments, Stock Exchanges",c_00001_00010,,5/1/2017,active,Emil Sunnerberg
ubroadcast,,Online radio and TV broadcasting,,"Broadcasting, Internet, Music, News, Publishing",,,,active,
ucp morgen,,ucp morgen is a SaaS-based business focused on mobile content delivery for mobile network operators.,,"Delivery, Internet, iOS, SaaS",,,1/1/1999,active,Christian Lutz
udi angel,,"Udi Angel heads a number of communal and charitable organisations in Israel, focusing mainly on children.",https://www.linkedin.com/in/udi-angel-ba100651/?originalSubdomain=il,,,"Europe, Middle East, and Africa (EMEA), Middle East, Middle East and North Africa (MENA)",,active,
ufabet ฝาก-ถอน true wallet [@the88thai] ufabet ฝาก 100 ฟรี 100 เทิร์น 1 เท่า,,ufabet ฝาก-ถอน true wallet รับเครดิตฟรี 100 แอดไลน์ [@the88thai] เข้ากลุ่มไลน์ เครดิตฟรี 2022,,,,,,active,
uktimes,,"intellectual property, short videos content",,,,,,active,
umrah travel packages,,umrah travel packages is a Leisure company.,,Leisure,,,,active,
unCancer India,,unCancer India is an online platform for the cancer community which helps people fight their cancer with access to support from others.,https://www.linkedin.com/company/uncancer-india,"Communities, Fitness, Health Care, Wellness",c_00001_00010,Asia-Pacific (APAC),1/1/2012,active,Chirag Kumar
unPaved,,The Ultimate Travel Companion — Explore Destinations like never before.,,"Internet, Mobile, Tourism, Travel",c_00001_00010,"Europe, Middle East, and Africa (EMEA)",8/14/2014,active,"David Smith, Guy Nakamura, Guy Nakmura"
unbound technologies,,"UNBOUND Technologies offers a platform that allows users to identify, target and analyze social media users, communities and influencers.",,Advertising,c_00011_00050,"San Francisco Bay Area, Silicon Valley, West Coast, Western US",1/1/1999,active,Chase McMichael
uncreative,,fake marketplace,,,c_01001_05000,Asia-Pacific (APAC),6/9/2023,active,Eric Stiffy
undefined capital,,"We bring proven Fintech operator experience to early stage founders, accelerating product development and customer acquisition.",,"FinTech, Payments",,,9/1/2022,active,"David Clausen, Jonathan Cordeau"
undercover scientist software,,Undercover scientist software develop application related to medical like iLoo,,"Health Care, Software",,,,active,
unflat studio,,"Unflat Studio is a design services company that combines design, technology, and art.",https://www.linkedin.com/company/unflat/,,c_00001_00010,Latin America,1/1/2024,active,Pedro Cormann
unicorn-verse,,Unicorn-Verse is a blockchain marketing consultancy firm.,,"Blockchain, Consulting, Marketing",,"Asia-Pacific (APAC), Association of Southeast Asian Nations (ASEAN), Southeast Asia",,active,
universidad politécnica del estado de guerrero,,The Polytechnic University of the State of Guerrero arises as a result of historical social expectations and desires.,https://www.linkedin.com/company/upeg,Higher Education,,Latin America,9/9/2009,active,
universidad politécnica metropolitana de hidalgo,,universidad politécnica metropolitana de hidalgo is a non profit private school.,https://www.linkedin.com/school/upmh/,"E-Learning, Education, Higher Education",,Latin America,1/1/2008,active,
universidade federal do pampa,,universidade federal do pampa is a public university.,https://www.linkedin.com/company/universidade-federal-do-pampa/,Education,,Latin America,,active,
university of kashan,,"university of kashan provides many different fields including engineering, physics, mathematics, chemistry, art, and humanities.",https://www.linkedin.com/company/university-of-kashan,,,"European Union (EU), Europe, Middle East, and Africa (EMEA)",,active,
unknown,,unknown,,,c_00001_00010,,,active,Ben Lówry
unknown,,unknown,,,,,,active,
unnamed,,site closed,,"E-Commerce, Pet",c_00001_00010,"European Union (EU), Nordic Countries, Scandinavia, Europe, Middle East, and Africa (EMEA)",12/12/2012,active,
upLect,,UpLect is an education platform that enables the user to hone their abilities and be smart.,https://www.linkedin.com/company/uplect,,,,1/1/2021,active,"Ariful Islam Khan, Rahaman Bin Ujit"
uphold uk,,uphold customer service uk,https://www.linkedin.com/company/upholdinc,,,"Europe, Middle East, and Africa (EMEA)",1/1/2013,active,
urlGray,,UrlGray is a mobile app developer. He is a Geeky programmer and creator who creates apps for iOS users . Some of his apps are Whaddaya kno,,"Apps, iOS, Mobile Apps",,,,active,
urlShort,,Just another URL shortener.,,"Apps, Information Technology",c_00001_00010,,,active,
usa jobs gov,,USA Jobs gov is the official job site of the US Federal Government. It serves as a search and apply for federal jobs quick and easy,,,c_00001_00010,,8/22/2017,active,
usednet,,usednet is an internet based company.,,"Cloud Computing, Cloud Data Services, Internet of Things",,Asia-Pacific (APAC),4/1/2004,active,
utarget Limited,,utarget Limited develops full screen advertising solutions for the Internet advertisers in the United Kingdom and Europe.,,"Advertising, Digital Marketing, Marketing",,"Europe, Middle East, and Africa (EMEA)",,active,
v.law,,v.law is a company that offers business services.,,"Business Development, Business Intelligence",,"Washington DC Metro Area, East Coast, Southern US",1/1/2020,active,
v1.vc,,v1.vc is a seed-stage venture capital firm that invests in companies across North America.,https://www.linkedin.com/company/v1-vc,"Financial Services, FinTech, Impact Investing",,"San Francisco Bay Area, West Coast, Western US",5/1/2015,active,"Benny Joseph, Brett Jackson"
v3ntures,,v3ntures is an investment firm that offers venture capital to web3 technology companies.,https://www.linkedin.com/company/v3ntures,,,"European Union (EU), Europe, Middle East, and Africa (EMEA)",,active,
v7 herostudio,,Content studio dedicated to entertaining & explaining the mysteries of life. 1st project: Radical Transparency: Weapon of Mass Liberation?,,"Blockchain, News, Video",c_00001_00010,,9/1/2017,active,
v7n Network,,Webmaster Forum and Resource,,"Association, Social Media",,,1/1/2002,active,
vBrokers,,"Trulia with property management, with more intelligent information Auction.com",,"Commercial Real Estate, Real Estate, Small and Medium Businesses",,,,active,Daniel Gonzalez
vEmpire,,vEmpire (VEMP) is a decentralized community-orientated metaverse accelerator and staking platform.,https://www.linkedin.com/company/vempire-ddao-ltd,,,"Europe, Middle East, and Africa (EMEA)",1/1/2021,active,
vH essentials,,"vH essentials offers product lines geared to solve everyday problems, such as protection (""Relieve""), daily support (""Maintain""), and clean.",,Women's,,,,active,
vSpring Capital,,vSpring is a traditional early-stage venture capital firm with over $350 million of committed capital under management.,https://www.linkedin.com/company/signal-peak-ventures,"Enterprise Software, Financial Services, Venture Capital",,Western US,1/1/2000,active,"Brandon Tidwell, Dinesh Patel, Greg Warnock"
vVv,,vVv - YOUR TRUSTED PARTNER IN A TRUSTLESS WORLD,https://www.linkedin.com/company/vvvexchange/,"Cryptocurrency, Finance, Venture Capital, Web3",,"Europe, Middle East, and Africa (EMEA), Gulf Cooperation Council (GCC), Middle East, Middle East and North Africa (MENA)",12/1/2021,active,Sean Marcel
vaag,,Online Luxury Rental Shopping Mall,,,,,,active,
valU,,"valU is the provider of buy-now, pay-later (BNPL) lifestyle-enabling fintech platforms.",https://www.linkedin.com/company/valuegypt,"Financial Services, FinTech",,"Europe, Middle East, and Africa (EMEA), Middle East, Middle East and North Africa (MENA), North Africa, Europe, Middle East, and Africa (EMEA)",1/1/2017,active,"Ahmed Hashem, Ahmed Osama, Walid Hassouna"
valantic,,"valantic is your ""high-end"" consulting & solutions partner for digital transformation - from strategy to tangible realization.",https://www.linkedin.com/company/valantic,"Consulting, Data Management, Enterprise Resource Planning (ERP), Information Technology, Software",,"European Union (EU), Europe, Middle East, and Africa (EMEA)",1/1/1997,active,Holger von Daniels
valley road capital,,"Established in Switzerland since 2006, ValleyRoad Capital SA is an independent Corporate Finance firm catering to family",https://www.linkedin.com/company/valleyroad-capital-sa,,,"European Union (EU), Europe, Middle East, and Africa (EMEA)",1/1/2006,active,
valuedesign,,ValuecardASP is a Service for Promotional Support Tools.,https://www.linkedin.com/company/valuedesign-india,"Marketing, SNS, Task Management",,Asia-Pacific (APAC),7/26/2006,active,
vanity drinks,,vanity drinks is created & designed to capture the young new champagne drinking consumers.,,Wine And Spirits,,"Europe, Middle East, and Africa (EMEA)",1/1/2014,active,Alan Colton
velocity capital,,velocity capital is an investment firm.,,,,,,active,
venBio Partners,,VenBio is a life sciences investment firm that partners with industry leaders to build medicines and technologies.,https://www.linkedin.com/company/venbio-partners,"Business Development, Financial Services, Life Science, Venture Capital",,"San Francisco Bay Area, West Coast, Western US",1/1/2009,active,"Corey Goodman, Kurt von Emster, Robert Adelman"
venBio Select Advisor,,venBio Select Advisor LLC is an investment manager for venBio,,,,"Greater New York Area, East Coast, Northeastern US",,active,
venVelo,,venVelo is a venture fund and business accelerator that is focused on early-stage opportunities.,https://www.linkedin.com/company/venvelo,"Finance, Financial Services, Venture Capital",,"East Coast, Southern US",1/1/2012,active,Peter McAlindon
vent.io,,"vent.io GmbH develops, researches and invests in digital solutions for customers of the Deutsche Leasing Group.",https://www.linkedin.com/company/vent-io/,,,"European Union (EU), Europe, Middle East, and Africa (EMEA)",1/1/2021,active,
venture,,We were selected among the TOP25 businessplans in the venture competition 2016.,,Internet,,,,active,
venture,,We were selected among the TOP25 businessplans in the venture competition 2016.,,"Banking, Insurance, Venture Capital",,,,active,
venture / science,,San Francisco based venture capital firm with quantitative economic modeling at the heart of its investment strategy.,https://www.linkedin.com/company/2672288,"Finance, Financial Services, Venture Capital",,"San Francisco Bay Area, West Coast, Western US",8/1/2012,active,"Matt Oguz, Selahattin Onen"
venture one,,venture one provides information about venture capital investing.,,"Angel Investment, Impact Investing, Information Technology, Venture Capital",,"San Francisco Bay Area, West Coast, Western US",,active,
venture.d,,Investment fund in Pakistan,,,,,,active,
ventureLab Growth Partners,,Building and commercializing early-stage startups across global markets.,http://www.linkedin.com/company/4800593,"Advertising Platforms, Digital Entertainment, E-Commerce, Health Care, Incubators, Internet, Internet of Things, Mobile, Venture Capital",,"San Francisco Bay Area, West Coast, Western US",1/1/2014,active,"Bret Blount, Mike Prasad, Taylor Fogelquist"
venturelab,,We are among the winners of venturelabs’ Venture Leaders Technology 2017 competition.,,Information Technology,,,,active,
verde24 LTD,,"Transforming healthcare with advanced SAAS solutions, uniting stakeholders for seamless, efficient collaboration.",https://www.linkedin.com/company/verde24/?viewAsMember=true,"Electronic Health Record (EHR), Health Care, Information Technology, Software, Telehealth",c_00001_00010,,6/15/2022,active,Tochukwu Anyaoha
verdiventures,,Venture Capital Firm focused on Digital Economy and TMT.,https://www.linkedin.com/company/33256667,,,"European Union (EU), Europe, Middle East, and Africa (EMEA)",11/15/2018,active,Jose Segui
verse2,,Verse2 offers a variety of DeFi protocols and invests in significant Web3 initiatives.,,,,,,active,
vertexholdings,,vertexholdings is a venture capital investment holding company.,https://www.linkedin.com/company/vertex-holdings,,,"Asia-Pacific (APAC), Association of Southeast Asian Nations (ASEAN), Southeast Asia",,active,
vertual events,,creating virtual into real.,,"Event Management, Events",,,,active,"Karan Bhugra, Rohit Kumar"
very early Ventures,,very early Ventures invests in critical Web3 and Blockchain infrastructure.,https://ch.linkedin.com/company/very-early-ventures,Web3,,"Europe, Middle East, and Africa (EMEA)",,active,
vetor,,vetor is an incubator partnership between Andrade Gutierrez Engenharia and NEXT consulting,https://www.linkedin.com/company/vetor-ag/,"Consulting, Information Technology",,Latin America,1/1/2018,active,
vgames,,vgames is the venture fund for game entrepreneurs.,https://www.linkedin.com/company/vgamesil/,"Finance, Financial Services, Funding Platform, Gaming, Venture Capital",,"Europe, Middle East, and Africa (EMEA), Middle East, Middle East and North Africa (MENA)",1/1/2020,active,Eitan Reisel
viHotel,,viHotel is an expert system for communication and management between the hotel and its clients.,https://www.linkedin.com/company/vihotel/,"Consulting, Information Services, Information Technology",c_00011_00050,Latin America,,active,Rudy Bianco
viden.vc,,viden.vc operates as an Investment firm.,https://www.linkedin.com/company/videnvc,,,Latin America,1/1/2021,active,
vintage energy& resources,,vintage energy& resources,,"Energy, Renewable Energy",,"Asia-Pacific (APAC), Association of Southeast Asian Nations (ASEAN), Southeast Asia",,active,
vitalstage ventures,,vitalstage ventures seeks to help entrepreneurs navigate the vital stages of company development,,,,"San Francisco Bay Area, West Coast, Western US",1/1/2006,active,
vivito,,Vivito provides a shooting location search platform designed for video production companies and creators.,https://www.linkedin.com/company/vivito-inc/?originalSubdomain=ec,"Content, Information Services, Media and Entertainment, Search Engine",,Asia-Pacific (APAC),9/1/2011,active,Tsuji Keitaro
vlcc,,"As the best makeup academy in Lucknow, we offer comprehensive courses designed to equip you with the skills and knowledge needed",,,,,1/1/2018,active,
vlg digital,,vlg digital is a venture capital investment firm.,https://www.linkedin.com/company/vlgdigital,,,,1/1/2016,active,
volkeman,,Volkeman is an application developing company specialized in developing application for Music category.,,Music,,,,active,
vollblutunternehmer KG,,The vollblutunternehmer family has existed as an unconventional entrepreneur incubator.,,Advertising,,"European Union (EU), Europe, Middle East, and Africa (EMEA)",1/1/2012,active,
volvér.vc,,volvér.vc is an early-stage investor that invests in B2B technology-enabled companies.,https://www.linkedin.com/company/volv%C3%A9r-ventures,"Finance, Financial Services, Impact Investing",,"European Union (EU), Nordic Countries, Scandinavia, Europe, Middle East, and Africa (EMEA)",1/1/2020,active,
voygr,,Go beyond business travel,,Software,c_00001_00010,,,active,Tim Baldus
vozzio,,Vozzio is a smartphone application that is helping amature singers to easily create professional studio voice tracks. ,,"Apps, Mobile, Mobile Apps",c_00001_00010,,,active,
vt3 Ventures,,vt3 Ventures is a web3 incubation and venture capital.,,,,,,active,
vubi.co Inc,,exchanging and managing contacts,,"Messaging, Social, Social Network",c_00001_00010,"European Union (EU), Europe, Middle East, and Africa (EMEA)",1/1/2013,active,"Paolo Meola, Stefano Babos"
vunify,,"Vunify helps viewers find, follow and activate content across all TV providers,.",https://www.linkedin.com/company/vunify/,Digital Entertainment,c_00001_00010,,1/1/2013,active,
vvvdotnet,,vvvdotnet operates as an investment firm.,,,,,,active,
vzw BENOR asbl,,vzw BENOR asbl is responsible for monitoring the harmonized application of the collective mark.,https://www.linkedin.com/company/npo-benor/,,,,,active,
w3.fund,,"Fueling Web3 straight from Berlin. We support the growth of the Web3 ecosystem with community, content, and cash... and a lot of pizza!",https://www.linkedin.com/company/w3fund/,"Blockchain, Cryptocurrency",,"European Union (EU), Europe, Middle East, and Africa (EMEA)",11/1/2021,active,"Feliks Eyser, Marcel Hollerbach, Michael von Roeder"
w3b.vc,,W3b.vc is an angel list syndicate investment firm.,https://www.linkedin.com/company/w3b-vc,,,"Greater New York Area, East Coast, Northeastern US",,active,
w3coins,,w3coins is a Professional Validator and Venture Capital Investment Fund. Stake Your Cryptocurrency with us to Maximize Your Earnings.,https://www.linkedin.com/company/w3coins,"Blockchain, Cryptocurrency, Virtual Currency",,"European Union (EU), Europe, Middle East, and Africa (EMEA)",,active,
waegelchen ventures,,"waegelchen ventures invests in early stage startups in food, tech and consumer hardware.",,,,"European Union (EU), Europe, Middle East, and Africa (EMEA)",1/1/2013,active,
wagmi GP,,embarking investors into web3 and guiding them through the deepest rabbit holes of the DeFi and NFT space. wagmi.,https://www.linkedin.com/company/wagmigp,"Blockchain, Cryptocurrency",,"European Union (EU), Europe, Middle East, and Africa (EMEA)",2/1/2022,active,Felix Hemmerling
wap-telecom GmbH,,wap-telecom GmbH markets and sells mobile phones.,,Electronics,,"European Union (EU), Europe, Middle East, and Africa (EMEA)",1/1/1999,active,
ward.ventures,,"ward.ventures is a private investment firm that invests in venture capital, private equity, managed funds and partnerships.",https://www.linkedin.com/company/10054401,Venture Capital,,"Dallas/Fort Worth Metroplex, Southern US",1/1/2014,active,David Ward
waresix,,"Waresix is a logistics platform for freight-forwarding, warehouse, and land transportation.",https://www.linkedin.com/company/waresix/,"E-Commerce, Freight Service, Logistics, Supply Chain Management, Transportation, Warehousing",,"Asia-Pacific (APAC), Association of Southeast Asian Nations (ASEAN), Southeast Asia",1/1/2017,active,"Andree Susanto, Edwin Wibowo"
wasel Aviation Service,,Aviation Service,,In-Flight Entertainment,c_00001_00010,"Europe, Middle East, and Africa (EMEA), Gulf Cooperation Council (GCC), Middle East",,active,Flights Services
wayra Germany,,We are one of the seven global innovation hubs of Telefónica.,https://www.linkedin.com/company/wayra-deutschland/,"Communities, Incubators, Information Technology, Innovation Management, Venture Capital",,"European Union (EU), Europe, Middle East, and Africa (EMEA)",4/1/2011,active,
wazhir yachts,,luxury yachts and boat rental,,,c_00001_00010,,9/1/2016,active,
wdrf,,gegnjy,,,,,,active,dwdw dwd
wdww,,awadda,,"Art, Cryptocurrency",c_00011_00050,"Greater New York Area, East Coast, Northeastern US",6/1/2021,active,
weBloc,,weBloc is a tokenize advertising alliance protocol company.,https://www.linkedin.com/company/webloc/,"Advertising, Marketing",,Asia-Pacific (APAC),1/1/2018,active,
weSure,,"weSure is an insurance company that offers home, mortgage, and car insurance services.",https://www.linkedin.com/company/wesure-insurance-company-ltd/,"Auto Insurance, Insurance, InsurTech, Property Insurance",,"Europe, Middle East, and Africa (EMEA), Middle East, Middle East and North Africa (MENA)",4/1/2018,active,"Emil Vainshel, Nitzan Zeir-Harim, Ruvik Klot"
weXelerate,,weXelerate is an Europe's smartest startup & innovation hub.,https://www.linkedin.com/company/wexelerate-gmbh/,Infrastructure,,"European Union (EU), Europe, Middle East, and Africa (EMEA)",9/1/2016,active,
web site design Miami FL,,Greater Your Online Layout Skills With These Tips,,Association,,,,active,Jean Delva
webbile,,webbile  is a software company.,,"Apps, Software",,"European Union (EU), Europe, Middle East, and Africa (EMEA)",,active,
webcslots,,สล็อต สล็อตออนไลน์ เว็บสล็อต สล็อตเครดิตฟรี เดิมพัน สล็อต 888 เกมสล็อต เล่นเกมได้เงิน สล็อต,,,,,,active,
websiteTOON,,"websiteTOON is an information technology, consulting, and digital marketing agency.",https://www.linkedin.com/company/websitetoon,"Consulting, Digital Marketing, Information Technology",,Great Lakes,1/1/2013,active,
weev,,Weev is an asynchronous video communication platform.,,"Information Technology, Messaging, Video",c_00001_00010,,1/1/2017,active,
well health ventures,,well health ventures are an investment arm of well-health technology.,,,,,,active,
welovefounders,,WeloveFounders is a European early-stage SaaS B2B venture capital fund dedicated to helping the next wave of European entrepreneurs.,https://www.linkedin.com/company/welovefounders/,,,"European Union (EU), Europe, Middle East, and Africa (EMEA)",9/1/2023,active,"Antoine Duchateau, Olivier Mertens, Olivier Tabery, Thomas Goubau"
welst,,Welst is a mobile applications developer. He has developed many interesting applications such as Toddler Puzzles - Animals and oddler,,"Apps, Mobile Apps",,,,active,
wepper.com gmbh,,Wepper.com gmbh provides an individual full service e-commerce solutions for manufacturers and retailers.,https://www.linkedin.com/company/wepper.com-gmbh,,,,,active,
wer-kennt-wen.de,,"Wer-kennt-wen.de is a German social networking site allowing users to write blogs, chat with friends, and write in their guestbook.",,Social Media,c_00051_00100,"European Union (EU), Europe, Middle East, and Africa (EMEA)",10/3/2006,active,
wesolveits,,"WeSolve IT Solutions in Dubai, UAE, is a leading provider of IT Support, IT consulting, and managed IT services to SME businesses.",https://www.linkedin.com/company/wesolve-it-solutions/,,,,,active,
whisp Internet,,Short reviews made by you! Get recomandations through reviews and opinions. Get the free app now!,,Software,,,8/1/2012,active,Alexander Bresk
whiteQu.be,,market research & development | digital publicity | experiential & lifestyle marketing,https://www.linkedin.com/company/whiteqube,,,"Greater Atlanta Area, East Coast, Southern US",1/1/2017,active,Vlad Gorenshteyn
whynow,,"whynow is a creative and platform that offers British stories, clothing, video content, news, and discovers emerging talent related to arts.",https://www.linkedin.com/company/whynow-ltd,"Art, Information Services, Information Technology, Mobile Apps",,"Europe, Middle East, and Africa (EMEA)",1/1/2019,active,
willoughby,,willoughby is a membership co-working space for freelancers and creative professionals services.,,"Freelance, Non Profit, Social",,Asia-Pacific (APAC),,active,
winshang.com,,Winshang is dedicated to providing timely and comprehensive information and industry data for the commercial real estate market.,https://www.linkedin.com/company/%E5%B9%BF%E4%B8%9C%E8%B5%A2%E5%95%86%E7%BD%91%E6%95%B0%E6%8D%AE%E6%9C%8D%E5%8A%A1%E8%82%A1%E4%BB%BD%E6%9C%89%E9%99%90%E5%85%AC%E5%8F%B8,"Internet, Retail",,Asia-Pacific (APAC),1/1/2010,active,
wiz,,hi just smile,,,,"Greater New York Area, East Coast, Northeastern US",,active,
wolf biotech gmbh,,wolf biotech gmbh,,,,"European Union (EU), Europe, Middle East, and Africa (EMEA)",,active,
woosah,,clips.,,,c_00001_00010,,12/1/2015,active,"Kirtan Patel, Sashi Tanuku"
workinggroup,,You can study different topics for achieving knowledge.,,,,,,active,
woyong fund,,woyong fund is an investment fund.,,,,,,active,
wundur,,Wundur is creative storytelling for the interactive generation.,,Media and Entertainment,c_00001_00010,"Greater Los Angeles Area, West Coast, Western US",1/1/2012,active,
ww88okcom,,"W88OK * W88 Thailand * ลิงค์ไปที่ w88 โบนัสเงินฝาก 100% ในปี 2023 เดิมพันฟรีที่ www.w88ok .com, ww88, w.88, ลิงค์ m.w88 .com, ไw88",https://www.linkedin.com/in/curnonwatchcom/,,,"Asia-Pacific (APAC), Association of Southeast Asian Nations (ASEAN), Southeast Asia",2/1/2018,active,
wytheville office supply,,wytheville office supply is a family-owned business with a strong community presence and a commitment to servicing the office supply needs.,,"Consulting, Office Administration",,,1/1/1948,active,
x-tention,,x-tention provides software and service solutions for healthcare industries.,https://www.linkedin.com/company/x-tention/,"Health Care, Information Services, Software",,"European Union (EU), Europe, Middle East, and Africa (EMEA)",1/1/2001,active,
x10xventures,,x10xventures is a technology advisory firm focused on startups and new-age investors.,https://www.linkedin.com/company/x10xventures,,,Asia-Pacific (APAC),1/1/2021,active,
x15ventures,,"x15ventures is a dynamic venture-building outfit, designed to bring to life the next generation of digital endeavours.",https://www.linkedin.com/company/x15ventures/,Venture Capital,,"Asia-Pacific (APAC), Australasia",1/1/2020,active,Toby Norton-Smith
x19 Studios,,X19 Studios is a publisher of mobile entertainment applications that are compatible with iPads and iPhones.,,"Apps, Mobile Apps, News",,,,active,
xCelor - Network Device,,xCelor - Network Device is a premier network technology platform.,,"Computer, Network Hardware",,"Greater Chicago Area, Great Lakes, Midwestern US",,active,
xIoTz Private Limited,,xIoTz is the creation of outstanding professional hackers from a variety of fields.,https://www.linkedin.com/company/xiotz,"Cyber Security, Information Technology, Security",,Asia-Pacific (APAC),2/2/2021,active,"Aradhana Rai, Jagan Thayananth, Sheltan Thayananth"
xMillion Capital,,xMillion Capital is an independent private equity firm that invests in early stage startup companies located across the world.,http://www.linkedin.com/company/xmillion-capital,,,"Europe, Middle East, and Africa (EMEA)",1/1/2011,active,
xRoute,,xRoute provides next generation of situational awareness to motorists through its technologies.,,"Information Technology, Navigation, Real Time, Robotics, Simulation, Software, Transportation",,"East Coast, Southern US",,active,
xSquared Ventures,,XSquared Ventures is a private investment firm that serves as a catalyst for companies that are creative and disruptive.,https://www.linkedin.com/company/xsquared-ventures/,"Banking, Financial Services, FinTech, Insurance, Venture Capital",,"East Coast, Southern US",1/1/2018,active,"Clayton Bittle, Micah Spruill"
xTechSearch,,The xTechSearch program provides non-dilutive seed prizes to small businesses to demonstrate dual-use technologies pertaining to Army needs.,,,,"Washington DC Metro Area, East Coast, Southern US",1/1/2018,active,
xTempo,,xTempo is a web-based platform that enables its users to get tasks for which they do not have time done by someone else who does.,,Internet,c_00001_00010,Latin America,,active,
xToken,,XToken is a capital markets and liquidity management platform for Web3 that gives access to financial primitives for DeFi and NFT projects.,,"Finance, Financial Services, FinTech, Trading Platform, Web3",,"San Francisco Bay Area, West Coast, Western US",1/1/2020,active,Michael J. Cohen
xVDiTeCH,,xVDITeCH is a technology company that provides work solutions in the Cloud for environments with high graphic content and computing.,https://www.linkedin.com/company/xvditech,,,,,active,
xVault,,"xVault provides e-mail solutions to government, businesses, and various industries.",,"E-Commerce, Government, Hardware, Information Technology, Robotics, Software",,"Washington DC Metro Area, East Coast, Southern US",1/1/1998,active,
xWA Growth Fund,,xWA Growth Fund is an early stage venture capital firm that invests in ventures with strong founding teams primed for global scale.,,,,,1/1/2021,active,
xaraf advisors corporation,,xaraf advisors corporation,,"Financial Services, Manufacturing, Venture Capital",,"East Coast, New England, Northeastern US",,active,
xavec,,advanced co-op hub,,,c_00011_00050,"Europe, Middle East, and Africa (EMEA)",8/31/2017,active,
xbirmedia,,xbirmedia is a software company.,https://www.linkedin.com/company/xbirmedia,,c_05001_10000,"Europe, Middle East, and Africa (EMEA), Middle East, Europe, Middle East, and Africa (EMEA)",1/1/1989,active,Deniz Karabatak
xbytesolutions,,"X-Byte Enterprise Solutions is a premier mobile app and web design development company,",,,,,,active,
xdeck,,"xdeck is a venture-platform that accelerates early-stage, data-enabled b2b tech startups",https://www.linkedin.com/company/xdeck,"Information Technology, Internet, Software",,"European Union (EU), Europe, Middle East, and Africa (EMEA)",1/1/2019,active,"Nils Eiteneyer, Oliver Steinki"
xiVENTURES Fund,,xiVENTURES Fund focuses on quality technological opportunities.,https://www.linkedin.com/company/xiventures-fund-inc/,,,Great Lakes,1/1/2016,active,
xista science ventures,,We invest in visionary science start-ups,https://www.linkedin.com/company/xsv/,"Advanced Materials, Biotechnology, CleanTech, Computer Vision, Human Computer Interaction, Information Technology, Life Science",,"European Union (EU), Europe, Middle East, and Africa (EMEA)",12/1/2017,active,Markus Wanko
xmobb,,"Social networking, games and content in a live online 3D virtual environment.",,,,,,active,
xo,,XO is a micro private equity company that offers services for the acquisition of small and profitable SaaS companies and execution.,https://www.linkedin.com/company/xo-capital,"Finance, Management Consulting, SaaS",,"Europe, Middle East, and Africa (EMEA)",1/1/2016,active,"Andrew Pierno, Tommy Jensen"
xponda,,Information Platform and Advertising,,"Advertising, Analytics, Information Technology, Marketing",,,,active,
xross,,"xross is a consulting firm that provides research & analysis, strategy and operations solutions.",,"Artificial Intelligence (AI), Big Data, Consulting",,Asia-Pacific (APAC),2/1/2018,active,
xrpl-rust,,xrpl-rust a 100% Rust library for interacting with the XRP Ledger.,,Open Source,,,,active,
xrpl.go,,xrpl-go library provides a Go implementation for interacting with the XRP Ledger.,,Software,,,,active,
xto10x Technologies,,xto10x Technologies is an Information Technology & Services company.,https://www.linkedin.com/company/xto10x-tech/,"Information Services, Information Technology, Software",,Asia-Pacific (APAC),1/1/2019,active,"Binny Bansal, Neeraj Aggarwal, Saikiran Krishnamurthy"
xxl,,xxl was founded in 2001,,Software,,,5/9/2001,active,
xxl-outdoors.de,,xxl-outdoors.de is a development company that specializes in mobile sports applications for iOS users.,,"Android, iOS, Mobile, Sports",,,,active,
xxventures,,xxventures is an incubator that provides customized programs for early-stagers on the EGC track.,,Incubators,,"San Francisco Bay Area, West Coast, Western US",6/9/2014,active,
xxxx,,Biopharmaceutical company primarily focused on the development of a promising therapy for pancreatic and ovarian cancer.,,"Biotechnology, Pharmaceutical",c_00011_00050,,1/1/2014,active,Christian Marin-Muller
xxxxxxxxxxxxxxxxxxx,,xxxxxxxxxxxxxxxxxxx,,,,"European Union (EU), Europe, Middle East, and Africa (EMEA)",,active,
xyz,,xyz,,,,,,active,"Cutter Mitchell, Steve Gonzalez"
yaEnergetik.rf,,"Service of automatic electric power metering in power companies, housing and communal services and at enterprises.",,"Energy, Renewable Energy",c_00011_00050,,,active,
yakha,,Yakha is a company that specializes in IT.Talent.Development.,https://www.linkedin.com/company/yakha-gmbh,"Recruiting, Training",c_00011_00050,"European Union (EU), Europe, Middle East, and Africa (EMEA)",1/1/2022,active,
yard[hub],,web3 venture studio and accelerator. We turn IDEAS into VENTURES.,https://www.linkedin.com/company/yard-hub,"Blockchain, Information Technology, Venture Capital, Web3",,"Europe, Middle East, and Africa (EMEA), Gulf Cooperation Council (GCC), Middle East, Middle East and North Africa (MENA)",1/1/2021,active,
yazılım24,,yazılım24 is to enable people to progress faster in a shorter time and to be better prepared for the industry.,https://www.linkedin.com/company/yaz%C4%B1l%C4%B1m24/,"Information Technology, Software",c_00001_00010,"Europe, Middle East, and Africa (EMEA), Middle East, Europe, Middle East, and Africa (EMEA)",1/1/2009,active,
yefira group,,"Yefira provides corporate financial solutions in sourcing, structuring, executing merges & acquisitions and business development.",https://www.linkedin.com/company/yefira-group/,"Business Development, Consulting, Financial Services",,"Asia-Pacific (APAC), Association of Southeast Asian Nations (ASEAN), Southeast Asia",1/1/2012,active,
yunexus,,Decentralized Identity Management Platform,,"Financial Services, Information Technology, Insurance, Internet, Internet of Things, Payments",,,5/1/2018,active,
yutori,,Yutoriis a Startup to expand the D2C business and influencer brand.,,"Advertising, Content, E-Commerce, Fashion",,Asia-Pacific (APAC),4/4/2018,active,Shunsuke Matsubara
zVentures,,Emerging companies with opportunities for massive growth and improvement,,"Angel Investment, Finance, Venture Capital",,"San Francisco Bay Area, West Coast, Western US",9/12/2016,active,Min-Liang Tan
zahnco,,"Die Pflege deiner Zähne sollte nicht nur etwas sein, was du tun musst, sondern fester Bestandteil deines Lifestyles sein.",,,,,,active,
© MY CORPORATIONS HOLDING,,"HOLDING, VENTURE CAPITAL",,,c_00051_00100,"Greater New York Area, East Coast, Northeastern US",2/1/2009,active,
Àlber Blanc,,"Unite of innovative companies in the field of finance, digital assets, telecommunications and autonomous flying vehicles",https://www.linkedin.com/company/alberblanc/,"Asset Management, Autonomous Vehicles, Finance, Telecommunications",,"European Union (EU), Europe, Middle East, and Africa (EMEA)",7/25/2020,active,Anton Babushkin
Ágathos Group,,"Ágathos transform people through Education, setting an example in innovative learning and management practices",https://www.linkedin.com/company/escola-superior-'ci-ncias-e-letras',,,Latin America,1/1/1973,active,
Ääkköset Oy,,We invest in inspiring innovations driven by true entrepreneurs. Lets accelerate the productization to make a global impact.,https://www.linkedin.com/company/%C3%A4%C3%A4kk%C3%B6set-oy/,,,"European Union (EU), Nordic Countries, Scandinavia, Europe, Middle East, and Africa (EMEA)",10/7/2016,active,"Jani Kenttälä, Joachim Viide"
Å Energi,,Å Energi is Creating a world powered by clean energy.,https://www.linkedin.com/company/%C3%A5-energi/,"Manufacturing, Renewable Energy, Semiconductor",,"Nordic Countries, Scandinavia, Europe, Middle East, and Africa (EMEA)",,active,
Åland Telefonandelslag,,Åland Telefonandelslag is a user-owned telephone company.,,Wired Telecommunications,,"European Union (EU), Nordic Countries, Scandinavia, Europe, Middle East, and Africa (EMEA)",,active,
"Ålands Ömsesidiga Försäkringsbolag,",,Ålands Ömsesidiga Försäkringsbolag (Åland's Mutual Insurance Company) is an Åland-based non-life insurance company.,https://www.linkedin.com/company/-lands-msesidiga-f-rs-kringsbolag/,,,"European Union (EU), Nordic Countries, Scandinavia, Europe, Middle East, and Africa (EMEA)",1866-01-01,active,
Ålandsbanken,,"Alandsbanken provides retail banking, corporate finance, asset management, and private banking services to institutions and individuals.",https://www.linkedin.com/company/-landsbanken-abp/,"Asset Management, Banking, Finance, Financial Services",,"European Union (EU), Nordic Countries, Scandinavia, Europe, Middle East, and Africa (EMEA)",1/1/1919,active,
Ålesund University College,,The Norwegian University of Science and Technology (NTNU) is a public university in Norway and the largest university.,https://www.linkedin.com/school/ntnu-i-alesund/,,,,,active,
Årdal Energi,,Årdal Energi is an investment firm.,,,,"Nordic Countries, Scandinavia, Europe, Middle East, and Africa (EMEA)",,active,
Åva High School,,Åva High School is an educational institution.,https://www.linkedin.com/company/taby-kommun,,,"European Union (EU), Nordic Countries, Scandinavia, Europe, Middle East, and Africa (EMEA)",,active,
Çalık Enerji,,Çalık Enerji offers natural energy to work for people in order to build a better and more sustainable future.,https://www.linkedin.com/company/calik-enerji/,"Energy, Natural Resources, Renewable Energy",,"Europe, Middle East, and Africa (EMEA), Middle East, Middle East and North Africa (MENA), Europe, Middle East, and Africa (EMEA)",1/1/1988,active,
Çanakkale Onsekiz Mart University,,"Çanakkale Onsekiz Mart University is a public research university offering R&D, application-oriented, and project-based research courses.",https://www.linkedin.com/school/canakkale-onsekiz-mart-university,Higher Education,,"Europe, Middle East, and Africa (EMEA), Middle East, Middle East and North Africa (MENA), Europe, Middle East, and Africa (EMEA)",1/1/1992,active,
ÉCOLE NATIONALE SUPÉRIEURE DE CRÉATION INDUSTRIELLE,,"ENSCI–Les Ateliers, is a French design school located in the 11th arrondissement of Paris.",https://www.linkedin.com/school/ensci/?originalSubdomain=fr,"Education, Higher Education, Industrial Design",,"European Union (EU), Europe, Middle East, and Africa (EMEA)",11/8/1982,active,
École 3A - L'école internationale du management responsable,,École 3A - L'école internationale du management responsable provide Higher Education.,https://www.linkedin.com/school/3a-ecole-du-management-responsable-et-solidaire,,,"European Union (EU), Europe, Middle East, and Africa (EMEA)",1/1/1984,active,
École Amédée-Boisvert,,École Amédée-Boisvert is a St-Albert elementary school.,,Primary Education,,,,active,
École Des Explorateurs,,"École Des Explorateurs is a primary school in Malartic, Quebec, Canada.",,Education,,,,active,
École Européenne Bruxelles III,,"École Européenne Bruxelles III is a school that offers physical, arts, and music education for students.",https://www.linkedin.com/company/european-school-of-brussels-3/,"Education, Higher Education, Training",,"European Union (EU), Europe, Middle East, and Africa (EMEA)",1/1/1999,active,
École Internationale de Mode & Luxe,,"EIDM offers students a range of specialized programs from Bachelor's to Master's, as well as recognized professional diplomas.",https://fr.linkedin.com/school/eidm-ecole-internationale-de-mode-luxe/,"Education, Higher Education, Professional Services",,"European Union (EU), Europe, Middle East, and Africa (EMEA)",1/1/2007,active,
École Montmartre,,"École Montmartre Elementary in Montreal, Canada",,"Education, Primary Education, Secondary Education",,,,active,
École Nationale des Arts Visuels de La Cambre,,École Nationale des Arts Visuels de La Cambre,,,,,,active,
École Secondaire Saint-Laurent,,École Secondaire Saint-Laurent is a Francophone public and mixed secondary school located in the Saint-Laurent borough in Montreal.,,,,,,active,
École alsacienne,,"École alsacienne provides education for nursery, elementary classes, middle and high school classes.",https://www.linkedin.com/school/ecole-alsacienne,"Education, Higher Education, Secondary Education",,"European Union (EU), Europe, Middle East, and Africa (EMEA)",1874-01-01,active,
École centrale de Nantes,,École centrale de Nantes is a french engineering school.,https://www.linkedin.com/school/74461/,,,"European Union (EU), Europe, Middle East, and Africa (EMEA)",1/1/1919,active,
École d'Entrepreneurship de Beauce (EEB),,École d'Entrepreneurship de Beauce (EEB) is a trade school.,https://www.linkedin.com/company/-cole-d'entrepreneurship-de-beauce,,,,1/1/2010,active,
École d'Éducation Internationale,,Ecole d`Education Internationale is a Co-Educational Private School.,,Education,,,,active,
École des métiers du meubles de Montréal,,École des métiers du meubles de Montréal is an educational institution.,,,,,,active,
École nationale supérieure d'architecture de Paris-Val de Seine,,École nationale supérieure d'architecture de Paris-Val de Seine is characterized by the great diversity of its educational offering.,,"Education, Higher Education",,"European Union (EU), Europe, Middle East, and Africa (EMEA)",1/1/1999,active,
École nationale supérieure de paysage,,"École nationale supérieure de paysage is a landscape design school and a recognized center for training, research, and production.",https://www.linkedin.com/school/enspaysage,,,,,active,
École secondaire catholique Paul-Desmarais,,École secondaire de langue française à Stittsville au Canada,https://www.linkedin.com/company/conseil-des-coles-catholiques-du-centre-est,"Education, Secondary Education",,Great Lakes,2/1/2016,active,
Écomarché SA,,Écomarché SA is owns and operates small supermarkets.,,"Consumer Goods, Retail",,"European Union (EU), Europe, Middle East, and Africa (EMEA)",1/1/1995,active,
Érbe Family Office,,Érbe Family Office is an investment firm.,https://www.linkedin.com/company/%C3%A9rbe-family-office,,,"European Union (EU), Europe, Middle East, and Africa (EMEA)",,active,
Établissement Peugeot Frères,,The holding company of the Peugeot family group,https://www.linkedin.com/company/etablissements-peugeot-freres-sa/mycompany/,,,,1851-01-01,active,
Éxito Educativo,,Éxito Educativo is an after-school program that promotes academic success among Latino families.,,,,,,active,
Íope Ventures,,Íope Ventures operates as a venture capital firm.,,,,"European Union (EU), Europe, Middle East, and Africa (EMEA)",9/1/2022,active,
ÑECA S.A.S,,Actividades inmobiliarias realizadas con bienes propios o arrendados,,,,,,active,
Ó. Johnson og Kaaber,,Johnson og Kaaber is a progressive wholesale company with an extensive distribution network and a low overhead.,,,,"Nordic Countries, Scandinavia, Europe, Middle East, and Africa (EMEA)",1/1/1906,active,
Öhman Group,,Öhman Group is a responsible and independent fund manager.,https://www.linkedin.com/company/the-ohman-group,Asset Management,,"European Union (EU), Nordic Countries, Scandinavia, Europe, Middle East, and Africa (EMEA)",1/1/1906,active,Bankirfirman E. Öhman J
Örebro University School of Business,,Örebro University School of Business is a place where education and research meet in the four subjects.,https://www.linkedin.com/school/%C3%B6rebro-university-school-of-business,Higher Education,,"European Union (EU), Nordic Countries, Scandinavia, Europe, Middle East, and Africa (EMEA)",1/1/1991,active,
Östberg Group,,Östberg Group is one of the world leading duct fan producer located in Avesta.,https://www.linkedin.com/company/ostberg-americas/,"Industrial, Manufacturing, Mechanical Engineering",,"European Union (EU), Nordic Countries, Scandinavia, Europe, Middle East, and Africa (EMEA)",1/1/1981,active,
Östboskolan Värnamo.,,Östboskolan Värnamo.,,Higher Education,,"European Union (EU), Nordic Countries, Scandinavia, Europe, Middle East, and Africa (EMEA)",,active,
Östra Grevie Folkhögskola,,Östra Grevie Folkhögskola is one of Sweden's largest folk high schools which offer knowledge in a creative environment.,https://www.linkedin.com/company/ostragreviefolkhogskola,Education,,"European Union (EU), Nordic Countries, Scandinavia, Europe, Middle East, and Africa (EMEA)",1/1/2014,active,
Östra Reals gymnasium,,"Östra Reals Gymnasium is a secondary school institution located in Östermalm, Stockholm, Sweden.",,Education,,"European Union (EU), Nordic Countries, Scandinavia, Europe, Middle East, and Africa (EMEA)",,active,
Ørsted Propel acceleration programme,,Ørsted Propel is an acceleration program of sustainable energy company Ørsted in partnership with Rockstart.,https://www.linkedin.com/company/orsted,,,"European Union (EU), Nordic Countries, Scandinavia, Europe, Middle East, and Africa (EMEA)",1/1/2022,active,
Ørsted Ventures,,"Ørsted Ventures is an early stage, patient capital fund designed to help the next generation of climate entrepreneurs.",,,,,,active,
Østergaard Biler A/S,,Østergaard Biler A/S provides car rental services. ,,Railroad,,"European Union (EU), Nordic Countries, Scandinavia, Europe, Middle East, and Africa (EMEA)",1/1/1954,active,
Østfold University College,,Østfold University College provides education to about 7000 students and offers more than 100 study options.,https://www.linkedin.com/school/hogskolen-i-ostfold/,"Education, Higher Education, Universities",,"Nordic Countries, Scandinavia, Europe, Middle East, and Africa (EMEA)",1/1/1994,active,
Útgerðarfélag Reykjavíkur,,Útgerðarfélag Reykjavíkur is an Icelandic seafood company that owns and operates the freezer trawlers Gudmundur and Nesi RE.,https://www.linkedin.com/company/urseafood/,"Food and Beverage, Seafood",,"Nordic Countries, Scandinavia, Europe, Middle East, and Africa (EMEA)",1/1/1998,active,
Überblick Holding AG,,Investment,,,,,,active,
Übermorgen Ventures,,We are an early stage venture fund backing entrepreneurs that build profitable solutions to fight climate change,https://www.linkedin.com/company/%C3%BCbermorgen-ventures/,,,"Europe, Middle East, and Africa (EMEA)",1/1/2019,active,Adrian Bührer
Ünlü Portföy,,Ünlü Portfolio R&D Venture Capital Investment Fund is an investment fund.,,,,,,active,
Üsküdar University,,Üsküdar University is a thematic university in the fields of behavioral health and sciences.,https://www.linkedin.com/company/uskudar-universitesi,,,"Europe, Middle East, and Africa (EMEA), Middle East, Europe, Middle East, and Africa (EMEA)",3/3/2011,active,
ælf,,"ælf is a decentralized Cloud Computing Blockchain Network, featuring parallel processing and nodes clustering to enable scaling...",https://www.linkedin.com/company/aelfblockchain,"Blockchain, Cloud Computing, Internet",,"Asia-Pacific (APAC), Association of Southeast Asian Nations (ASEAN), Southeast Asia",1/1/2017,active,"Haobo Ma, Zhuling Chen"
èlevit,,Technology for Smart Surface,https://www.linkedin.com/company/èlevit/,"Hardware, Product Design",,"European Union (EU), Europe, Middle East, and Africa (EMEA)",12/17/2021,active,
être Venture Capital,,être Venture Capital is a venture capital firm run by women that encourages and supports mission-driven business owners.,https://www.linkedin.com/company/%C3%AAtre/,,,"San Francisco Bay Area, West Coast, Western US",1/1/2022,active,
āltitude,,"āltitude is closing the European SME Tech Gap by investing in (pre-)seed B2B software startups with a focus on people, product, and process.",https://www.linkedin.com/company/%C4%81ltitude,"Artificial Intelligence (AI), Information Technology, SaaS, Small and Medium Businesses, Software, Sustainability",,"European Union (EU), Europe, Middle East, and Africa (EMEA)",1/1/2022,active,
ēllu app,,"ēllu an innovative communication app and wearable. It helps users communicate better, protect their safety, and plan better their life.",https://www.linkedin.com/company/ellu-company/?lipi=urn%3Ali%3Apage%3Acompanies_company_about_index%3Ba53da6b6-83be-4254-9084-b0e7c23bde80,"Communication Hardware, Consumer Software",,,1/1/2020,active,
İTÜNOVA,,İTÜNOVA offers academic studies and new technologies developed in Istanbul Technical University (ITU).,https://www.linkedin.com/in/itunovatto/,"EdTech, Education",,"Europe, Middle East, and Africa (EMEA), Middle East, Middle East and North Africa (MENA), Europe, Middle East, and Africa (EMEA)",2/1/2013,active,
İstanbul Portföy Yönetimi,,İstanbul Portföy Yönetimi is an investment management firm based in Turkey.,https://www.linkedin.com/company/istanbul-portf-y,Venture Capital,,"Europe, Middle East, and Africa (EMEA), Middle East, Middle East and North Africa (MENA), Europe, Middle East, and Africa (EMEA)",1/1/2007,active,
İzmir University of Economics,,İzmir University of Economics is a school in Izmir.,https://www.linkedin.com/company/izmir-university-of-economics_2,,,"Europe, Middle East, and Africa (EMEA), Middle East, Middle East and North Africa (MENA), Europe, Middle East, and Africa (EMEA)",1/1/2001,active,
Łódzka Specjalna Strefa Ekonomiczna S.A.,,Special Economic Zone of Lodz,https://www.linkedin.com/company/lodz-special-economic-zone/,,,"European Union (EU), Europe, Middle East, and Africa (EMEA)",1/1/1997,active,
Ślisz-Sandecka Kozioł,,Ślisz-Sandecka Kozioł is an investment firm.,https://www.linkedin.com/company/ssklegal/,,,"European Union (EU), Europe, Middle East, and Africa (EMEA)",,active,
Şerif Çorap,,"Şerif Çorap designs, manufactures, and supplies socks for men, women, and children.",https://www.linkedin.com/company/%C5%9Ferif-%C3%A7orap-a-%C5%9F,"Apparel, Manufacturing, Wholesale",,"Europe, Middle East, and Africa (EMEA), Middle East, Middle East and North Africa (MENA), Europe, Middle East, and Africa (EMEA)",1/1/1957,active,
Škoda Auto,,"Škoda is a Czech automobile maufacturer founded in 1895 as Laurin and Klement based in Mladá Boleslav, Czech Republic",https://www.linkedin.com/company/skoda-auto/,"Automotive, Manufacturing",,"Europe, Middle East, and Africa (EMEA)",1895-01-01,active,"Václav Klement, Václav Laurin"
​Masto,,Masto produces consumer electronics with the help of recycled materials to provide alternative options at affordable prices.,,"Consumer Electronics, E-Commerce, Hardware, Recycling",,,1/1/2018,active,
​Seed Money,,"Seed Money supports entrepreneurial initiatives with very high potential, at the first steps of their development plan.",https://www.linkedin.com/company/seedmoney-srl/,"Finance, Financial Services, Real Estate Investment",,"European Union (EU), Europe, Middle East, and Africa (EMEA)",1/1/2016,active,
​University of Akron ​Research ​Foundation​,,"​University of Akron ​Research ​Foundation offers resources for entrepreneurs, students, and faculty to innovate and launch ideas.",https://www.linkedin.com/showcase/university-of-akron-research-foundation/,"Education, Innovation Management",,"Great Lakes, Midwestern US",1/1/2001,active,
​Wadai Channel,,​​Wadai Channel is an information site that introduces popular products on TV and on the Internet.,,"Broadcasting, Information Services, Internet, TV, TV Production",,Asia-Pacific (APAC),1/1/2010,active,
‎Dubai National School,,‎Dubai National School offers an international educational program.,https://www.linkedin.com/company/dubai-national-school---al-barsha/,"Education, Higher Education",,"Europe, Middle East, and Africa (EMEA), Gulf Cooperation Council (GCC), Middle East, Middle East and North Africa (MENA)",1/1/1988,active,
‎Integr8d Capital,,‎Integr8d Capital is an investment Firm.,https://www.linkedin.com/company/integr8d-capital/,,,"Greater Houston Area, Southern US",1/1/2017,active,John S. Reale
‎Leopold-Franzens University of Innsbruck‎,,‎Leopold-Franzens University of Innsbruck‎ is a public research university that focuses primarily on research and development.,https://www.linkedin.com/company/universit-t-innsbruck,,,"European Union (EU), Europe, Middle East, and Africa (EMEA)",1669-01-01,active,
‎‎‎‎‎‎‎‎‎‎‎‎‎‎‎‎‎‎‎‎‎‎‎‎‎‎‎‎‎‎‎‎‎‎‎‎‎‎‎‎‎‎‎‎‎‎‎‎‎‎,,‎‎‎‎‎‎‎‎‎‎‎‎‎‎‎‎‎‎‎‎‎‎‎‎‎‎‎‎‎‎‎‎‎‎‎‎‎‎‎‎‎‎‎‎‎‎‎‎‎‎,,,,,,active,
“SAS” Autosystemtechnik,,“SAS” Autosystemtechnik is a global provider of assembly and logistics services for the automotive industry.,,,,,,active,
고질라 VS. 콩 (2021) 한국 최신 영화 다시 보기,,기타 | 영화 고질라 VS. 콩 다시보기 (2020개봉) 다운로드 (Rock) 무료보기,,,,,,active,
기술보증기금,,技保는 기술보증기금법에 의해 설립된 정부출연기관으로서 기술혁신형 기업에 기술보증 및 기술평가를 중점지원하여 기업의 기술경쟁력을 제고하고 나아가 우리경제의 지속적인 성장동력 창출의 일익을 담당하고 있는 기술금융 전문지원기관입니다.,,,,,,active,
샌즈카지노,,"우리카지노 | 샌즈카지노 | 플러스카지노 | 대한민국, 샌즈카지노 최고의 www.zzang79.com 온라인카지노로써 우리계열 대표 브랜드입니다.",,"Casino, Media and Entertainment, Social Media",c_00101_00250,,1/1/2021,active,
Ｔ&Ｋ ＴＯＫＡ,,"Ｔ&Ｋ ＴＯＫＡ is a manufacture and sale of ink for various printing and synthetic resin for printing, painting and adhesive.",,"Manufacturing, Printing",,Asia-Pacific (APAC),12/23/1949,active,
